title,sentence_five,sentence_four,sentence_three,sentence_two,sentence_one,word_five,word_four,word_three,word_two,word_one
讓人愛不釋手的lunasol彩妝系列，從底妝到完妝只有透亮形容,12,18,6,3,6,7,13,11,10,2
 分享｜Reach 麗奇，PUMPING牙膏亮白系列，pumping新誕生，為自己的牙齒深層潔淨一下     ,13,31,11,3,5,10,18,6,11,4
那些類青春露的替代保養品♥八罐前導精華與保濕化妝水評比♥SK-II青春露/Kiehl's契爾氏紫鳶青春肌活露/Userism靓肌靚水漾仙跡微分子前導活膚菁露/VINATA台酒生技酒粕精粹逆齡活膚青春露/Hada-Labo肌研極潤保濕化妝水/Dr. Selection賽萊斯海泥分子酊保濕化妝水1%/Kiehl's契爾氏冰河保濕機能水/Decorte黛珂超微脂修護源露,20,38,19,13,3,17,13,23,19,5
【日本藥妝分享】想買BB的人一定要看！Chocola BB系列5大商品差異比較總整理～ ✽ ,8,5,3,1,0,2,8,9,11,1
自己的白皙肌膚自己守護！10款防曬實測！,9,23,21,6,11,3,21,17,7,7
【桃園特賣會】瑪登瑪朵內衣3件888元、內褲6件588元、馬甲99元，還有皮件490元起、登山包5折、萬國行李箱6折~PARK食尚廣場附近,4,12,5,1,3,0,4,3,6,1
膠原蛋白大解密！各種膠原蛋白的疑難雜症，Kevin一次解答！,11,8,7,1,0,7,4,12,7,2
臉部保養║日本面膜 BCL Saborino 早安面膜 早上起床不洗臉？敷臉等於洗臉 ❤跟著Livia享受人生❤,6,3,6,1,3,4,2,10,2,5
e-nail x K.Fika 6月新色_夢想不需急著完成，但要不斷地靠近夢想！,2,8,7,0,1,0,6,6,0,0
抱歉!我們真的不適合~DR.CINK三款精華液使用分享,6,4,0,3,2,1,3,3,4,14
【美國超級淡斑皂】美國 Dermisa  淡斑皂洗完馬上過敏耶!! @Katty ~ 愛夢幻,2,2,2,0,1,2,0,2,5,8
【美妝】日本@cosme 開架唇膏NO.1 OPERA金管唇膏全試色/含限定#09Sakura Petal,0,5,6,2,7,1,9,6,8,5
大貓遇到艾多美,0,3,2,0,0,1,5,2,1,1
向六年婚姻致敬，辛苦了！謝謝你(妳)的不離不棄。JWwedding婚紗攝影/自助婚紗攝影工作室 ＃ ＡＤ,6,11,5,0,0,3,5,4,0,0
誰說一定要漂髮才能擁有特殊色？ 去兜告訴你『不需漂』即可擁有的特殊色大特輯,0,5,1,0,0,0,3,5,1,0
【保養】縮時保養正流行！Saborino晚安面膜。早安面膜。不只早上要多睡點，晚上也要早點去睡美容覺！,3,6,7,1,0,1,7,13,5,1
【保養】日本Labo Labo的毛孔系列好用到誇張，怎麼可能是開架商品！,16,38,13,0,0,11,24,15,1,0
【美妝】日本熱賣不是沒有原因！OPERA Lip Tint渲漾水色唇膏全試色♥♥ ,6,20,4,0,0,6,12,7,1,0
卸妝、洗臉，一皂搞定《黃金米系列-紅寶美顏皂特惠組》,3,4,0,0,0,2,1,3,0,0
[心得+試色]14隻MAC子彈唇膏試色｜14 MAC LIPSTICKS SWATCHES,5,23,4,1,8,1,19,11,10,9
益膚乳霜使用回饋分享(10701),0,1,0,0,0,0,1,2,1,1
【保養】德國安瓶讓臉蛋兒發光 ISANA v.s. Balea 與 德國時空膠囊 (2018更新),17,27,12,0,0,7,25,12,0,0
好物∣七款油頭洗髮精大評比,4,8,10,0,3,4,9,7,3,7
［保養］眼睛的好夥伴-7種人工淚液5種眼藥水大評比,3,7,6,0,2,3,4,11,6,5
【美妝】7款熱門開架睫毛膏評比,3,11,10,4,7,5,4,10,13,11
【生活】喜樂纖S秘方!!我也要向美容大王~大S看齊!!!,0,2,2,1,0,0,4,7,5,1
【保養】搞定粉刺毛孔。敷完粉刺立刻浮出看的到♥KIEHL’S 契爾氏亞馬遜白泥淨緻毛孔面膜,0,4,2,0,0,3,8,4,0,0
[做臉] 終於可以推薦大家做臉了!Eva's Diary 美容工作室，價格合理又細心♡,0,5,2,0,0,0,6,6,8,2
2018 Dior限量春妝＋迪奧癮誘粉漾潤唇膏全新6色 試色報告！,2,5,2,2,0,4,10,10,0,1
【身體保養】CP值超高！澳洲必敗好物~ 來自澳洲的G&M AUSTRALIAN Emu Oil Moisturising Cream 鴯鶓油保濕乳霜,3,10,3,1,0,1,13,8,0,0
韓國非買不可的JAYJUN三部曲面膜~~大集合!!,11,28,1,0,0,3,20,8,0,0
"嘎嘎的新生兒脂漏性皮膚炎,靠Alobaby三天完勝",5,10,2,2,0,4,11,1,0,0
【日本美妝】2018日本必買@cosme排行榜人氣美妝10選,8,15,8,5,1,5,8,7,1,0
[開箱] 只要3秒化好眼影？韓國16 Brand漸層眼影手殘也能搞定眼妝,8,4,1,0,0,6,4,4,1,0
【美妝】韓國 W.Lab白雪公主亮白霜／素顏霜 ❤ 韓妞彩妝師Pony超推薦：一秒擁有偽素顏水潤肌,6,11,6,0,0,4,9,8,0,0
倩碧花漾腮紅14款全試色,11,14,5,0,0,9,14,13,0,0
[分享] Maybelline媚比琳 超持久霧感液態唇膏Super Stay Matte Ink,4,10,1,0,0,2,7,1,0,0
【美妝】超洗版網紅商品 Dr. Cink達特聖克 CC霜~開 瓶 囉!,7,6,4,0,0,1,7,4,0,0
[美妝] 日本妹超愛，operaオペラ金管花嫁唇釉/唇膏三色試色,4,7,9,3,1,6,3,8,2,0
「底妝」用過就不會變心×韓國VDL 貝殼光妝前乳,9,15,1,0,0,5,10,2,3,0
[試用+體驗] 傳奇今生紅櫻桃健康唇膏,9,7,0,0,0,3,11,3,0,0
☆好物分享☆澳洲萬用軟膏～LUCAS' PAPAW Ointment木瓜霜,14,12,1,0,0,6,8,4,1,0
[保養] 來自法國巴黎的 NUXE 黎可詩全效晶亮精華油，一瓶搞定所有保養,9,17,3,0,0,5,10,9,0,0
【美妝】Pony Effect神秘黑瓶粉底液12小時實測分享─大推持久遮瑕約會完勝粉底,3,6,8,2,0,1,12,9,3,0
【保養】雪花秀必買清單！♥用了不知道幾瓶的潤燥精華EX & 氣墊粉霜,15,7,3,8,0,7,10,7,4,11
｡◕‿◕｡ 愛心の黃色小藥丸／武田合利他命強效錠EX PLUS ｡◕‿◕｡,6,4,6,8,17,1,4,2,2,2
[保養] 用過就絕不會忘記的無敵小棕瓶 ♥ 雅詩蘭黛 特潤超導修護露,11,6,1,9,22,5,6,3,10,23
"這支BB霜真的不錯~媚比琳純淨礦物BB霜SPF26 PA+++,有特價時趕快購入吧～ @ 愛美雙子星 :: 痞客邦 ::",5,6,27,18,9,4,5,18,22,8
【愛漂亮】歐洲草本植萃Herbal Care-蕁麻清爽植萃調理洗髮露、人蔘深層強健護髮素，潔淨頭皮保護秀髮 @ 【迷你王の瘋狂生活】 :: 痞客邦 ::,6,6,11,17,14,4,5,9,14,12
三峽*大板根-Lulu Spa美人湯 @ Nicole的生活日記 :: 痞客邦 ::,6,1,11,19,8,3,0,6,10,17
＊體驗＊日本ISM沙龍級蜜糖椰子洗護髮系列。讓我的受損頭髮蓬鬆發亮香味更持久 @ 洋娃娃的夢幻城堡♡MAKE UP BEAUTY  :: 痞客邦 ::,8,5,8,40,27,4,0,10,27,45
<保養>我的居家除毛初體驗。艾迪美Actimed蜜蠟脫毛系列，不留殘膠超方便! @ T芬妮。愛水小姐 :: 痞客邦 ::,7,2,14,27,16,2,2,9,18,20
瑞士之行戰利品 (高貴名牌篇) @ 阿遜的玩具箱 :: 痞客邦 ::,11,6,16,11,4,4,6,9,8,11
"Dainty Salon 萊雅 ""結構護髮""心情分享 上篇 @ 海倫.湘湘 戀香、聞香、寫香分享 :: 痞客邦 ::",10,0,7,21,9,3,0,10,14,20
(開箱)空間環境好清新之舒克清霧化器 @ 愛美麗的小喵喵Vivian 新娘祕書/彩妝教學/半永久彩妝/最新韓國紋繡技術/親子育兒 :: 痞客邦 ::,5,2,11,15,23,4,1,8,16,20
彩妝｜遮瑕ｘ保濕。兩步驟快速打造精緻底妝！KOSE Nudy Couture礦物美肌光透DD霜／CC礦物蜜粉餅 @ 柯蘿依Chloe :: 痞客邦 ::,11,7,18,22,10,9,7,14,17,11
【髮/保養】Syoss絲蘊植萃頭皮養護護理膜 ❖ 油頭困擾或敏感性頭皮適用，給予頭皮舒緩潔淨感以及恰到好處的油脂平衡感 @ Sunny's愜意時光&食光 :: 痞客邦 ::,9,11,21,34,17,5,5,13,21,14
【實用精油】Calendula 金盞花油 @ 賀伯哥的精油大百科 :: 痞客邦 ::,1,12,40,26,5,1,6,10,10,4
台中《韓劇治癒者(Healer)★朴敏英髮色》happyhair髮型設計師Ton專業染髮推薦★ @ Ton & Apple。幸福部落格 :: 痞客邦 ::,4,3,14,20,15,4,2,7,19,14
(髮色) 台灣就可以染出來超自然歐美漸層暈染 不用再羨慕國外的髮色 MV HAIR幫你打造低調奢華感 以後再也不怕布丁頭啦！！ @ Hair Designer Zoe :: 痞客邦 ::,14,3,30,40,9,11,4,27,50,29
[近期底妝] 雪花秀氣墊粉底! @ ananchen :: 痞客邦 ::,3,4,28,26,15,1,4,12,22,18
[佐賀] 讓人覺得悠閒的1300年歷史溫泉--『武雄溫泉』 @ Aileen開心過生活~ :: 痞客邦 ::,4,11,10,19,14,1,4,9,24,20
美妝。Dior Forever 超完美持久氣墊粉餅 & 超完美持久底妝『試用』 @ VIANNA 愛玩生活 :: 痞客邦 ::,18,5,22,33,30,11,2,15,21,22
[美妝]義大利必敗彩妝品//KIKO//開箱文 各式彩妝~平價又好用!! 眼影、唇膏、唇蜜、睫毛膏♥♥((文末贈正貨)) @ 時間把習慣換了 :: 痞客邦 ::,6,12,19,24,25,5,9,14,17,20
美妝-謬斯女神降臨了！(BBIA-2017新色謬斯女神完美唇膏-酒紅管#11#12#13#14) @ 嗨~我是華麗的玩美小咖-玄安*3* :: 痞客邦 ::,14,12,35,25,22,8,10,26,27,38
[美國網購]期待已久的UD naked 3還有大名鼎鼎的Kevyn Aucoin修容高光與tarte眼影盤 @ 蜜思雪輪愛美妝 :: 痞客邦 ::,10,9,38,38,30,9,3,17,24,28
[國內旅遊]新竹 竹北 身體按摩 腳底按摩好去處 @ 艾蜜莉咪咪 :: 痞客邦 ::,17,4,29,47,48,14,2,18,26,41
[宜蘭礁溪住宿]美嘉美大飯店，原木原湯柚木SPA溫泉池 @ 黑米+凱恩的厝 :: 痞客邦 ::,7,6,10,26,33,2,6,10,21,31
自製凝膠貼~現代而時尚 @ Melody美樂的美甲生活 :: 痞客邦 ::,0,3,3,0,0,0,4,4,0,0
【旅遊/美國】買到差點回不了家！2017秋冬美國彩妝戰利品分享~節日限量美妝組合、SEPHORA限量組合 @ 品客巧莉愛美玩樂誌 :: 痞客邦 ::,2,5,3,0,1,1,11,15,2,3
我就是眼線控 ♥ 多款眼線筆、液、膠介紹 @ 洋洋♥用女孩的甜蜜觀點看時尚  :: 痞客邦 ::,1,9,8,0,0,4,20,14,1,0
伊恩＠分享文 「莫蒂膚®Motives清新定妝霧」「莫蒂膚®Motives美妍定妝霧」「人手一瓶不脫妝神器，維持一整天的完美妝容，減少脫妝跟出油的法寶」「減少脫妝跟出油的法寶，無瑕美」 @ 伊恩的痞客邦 :: 痞客邦 ::,8,10,2,0,0,4,14,8,1,1
"SOLONE 美妝品大推薦!許多便宜好用的產品都在這兒~30秒定妝慕絲眼線眼彩筆,油眼皮必試!!! @ 愛美雙子星 :: 痞客邦 ::",4,7,4,0,0,0,15,13,2,0
粉餅。夏日美肌一餅搞定! Za美白煥顏兩用粉餅，乾擦和溼擦的差別在哪？ (服貼/持妝力高/靈活運用) @  小草♥Grass♥ 日々は楽しさ! :: 痞客邦 ::,9,17,4,0,0,13,25,11,0,0
【法令紋】法令紋打肉毒桿菌好？還是玻尿酸？ @ 上立皮膚科診所│液態拉皮洢蓮絲少女針依戀詩/Ellanse易麗適聚己內酯/童顏針3D聚左旋乳酸舒顏萃/Sculptra液態拉提冷凍溶脂SculpSure超音波拉皮極線音波拉提755蜂巢皮秒雷射晶亮瓷肉毒桿菌玻尿酸 :: 痞客邦 ::,5,15,1,1,0,4,19,11,0,3
南港站美甲 Chimei.nail&lash奇美女人館 ＃名媛氣質款美甲 ＃過年指甲新衣服 ＃美甲師小萱 @ 梅格(Angelababy)享樂日記 ♥16項全能吃貨babe♥ :: 痞客邦 ::,0,6,4,2,0,0,5,7,1,2
2018母親節檔期提神品：SUQQU 日本伊勢丹限定眼影盤#輝琉璃、NARSissist 自戀搶眼六色頰彩盤 @ Shockisgood=夏克絲古德 :: 痞客邦 ::,24,39,36,18,9,6,13,12,6,3
【美容】屈臣氏獨家新品牌PART1--B.B霜教主HANSKIN @ Taipei Walker :: 痞客邦 ::,13,20,2,18,3,3,9,1,5,1
眼妝┃難道這就是不該相遇的相遇？canmake新品眼影霜 @ ♥Lillian leads a happy life :) :: 痞客邦 ::,6,12,34,16,6,3,6,18,4,3
櫻花粉外殼X櫻花色粉撲！GIORGIO ARMANI 2018全新光感氣墊粉餅搶先看 @  Goris' Sky‧時尚美妝消費學 :: 痞客邦 ::,1,16,13,8,1,1,5,3,3,1
【彩妝】輕鬆打造春季透亮妝容 EXCEL炫采光透妝前乳x亮采柔嫩唇膏 @ 跟著艾波拍到天涯海角 :: 痞客邦 ::,10,48,11,19,1,8,28,8,11,1
【美妝】韓國Aritaum All Day粉底液實測報告(2017.03.01更新) @ SimpLe liFe :: 痞客邦 ::,1,6,33,13,3,1,3,15,6,1
【唇膏AND唇蜜】BÉBÉ POSHÉ 奢華寶貝 @ 心時SHINJI♥LIFE♥ :: 痞客邦 ::,0,35,63,17,8,0,12,26,6,4
☆ 出門前撲一下☆CHANEL香奈兒N°5身體香粉 @ 愛瑪手記@pixnet :: 痞客邦 ::,2,12,13,6,4,2,4,4,3,2
【Bois 1920】Oro 1920 (黃金年代) @ Chris香水評論報台 :: 痞客邦 ::,4,9,13,10,6,1,5,3,5,2
露華濃經典璀璨唇膏分享 (Revlon 015、325、510) @ Hello 我是安妮! :: 痞客邦 ::,7,21,4,4,0,5,10,3,2,0
『美妝』美瞳線～讓我起床就可以擁有亮麗出色的眼神 @ 仙蒂小姐．愛漂亮 :: 痞客邦 ::,2,19,4,18,8,1,16,3,15,6
♡高雄微整型♡高雄麗晶 皇家水飛梭淨膚保養，讓我全臉像是喝飽了水♥♥ @ 貝蒂小姐's Blog :: 痞客邦 ::,9,34,8,20,11,5,25,7,12,11
【美妝】2017必買 ♥ 永遠都在缺貨的熱門唇膏 ♥ 限定色更要收 @ Diana Loves Daydream :: 痞客邦 ::,10,47,22,9,4,6,30,14,7,2
【蒐集狂】別人笑我太瘋癲我覺得你們真有遠見❤ETUDE HOUSE小公主甜心腮紅包色計畫 @ 我是大魚 :: 痞客邦 ::,6,23,15,18,0,4,18,10,11,0
韓國16brand雙色眼影│漸層眼妝一筆搞定？ @ Here I am Athena :: 痞客邦 ::,7,24,16,5,0,5,14,10,4,0
[美妝] nature collection絕美大理石氣墊 興奮開箱＋使用心得分享 @ 姍姍來吃姍姍來了 :: 痞客邦 ::,4,16,16,6,10,4,15,14,5,3
【美妝】Apieu 不買可惜之媲美專櫃超值唇膏 TRUE Lipstick @ Maggie Ｍaggie 。Beauty Diary :: 痞客邦 ::,7,20,6,5,5,4,15,4,2,3
［底妝］1028柔焦毛孔隱形露★毛孔不見 你可以靠近一點沒關係 @ 歡迎收看小貓蕉蕉★Banana cat :: 痞客邦 ::,2,28,6,5,4,2,22,4,5,2
{美妝分享}benefit蒲公英妍采露*羞答答妍采露*毛孔隱形露*腮紅*有推有黑使用心得* @ 台灣妞韓國媳 ♥ :: 痞客邦 ::,11,20,18,5,0,4,15,14,5,0
Maybelline媚比琳夢幻奇蹟 控油透潤持妝乳→有了她，一整天妝容不NG！ @ 愛菲兒的部落格 :: 痞客邦 ::,0,0,0,0,0,3,0,0,0,0
油肌實測! 人氣控油妝前修飾乳評比 @ 姬姬烏 :: 痞客邦 ::,0,9,21,25,0,0,3,7,9,0
【睫毛膏推薦】戀愛魔鏡悄悄纖長睫毛膏，刷下睫毛超自然！ @ Oly ♥ ENJOY & BE BEAUTY :: 痞客邦 ::,5,21,12,10,0,3,18,7,9,0
[彩妝] NYX Soft Matte Lip Cream 超顯色霧面液態唇彩/唇膏 8色試色 @ Hello Catie ◣凱蒂◥ :: 痞客邦 ::,14,40,15,8,9,7,35,10,7,6
最夯的就這8支！最經典的TOM FORD設計師唇膏17色全試色VS.設計師微霧唇膏 @  Goris' Sky‧時尚美妝消費學 :: 痞客邦 ::,0,28,13,7,2,0,10,6,6,1
【唇彩】＃１４０完美裸粉色～當腮紅也極美 - CHANEL超炫耀絲絨唇露，最新色＃１５６、＃１５８試色 @ ［  凱 的 日 本 食 尚 日 記  ］ :: 痞客邦 ::,9,19,12,2,1,6,12,6,2,1
曼秀雷敦多效潤彩唇膏-搖滾野莓 @ KIKI的不盡責任分享 :: 痞客邦 ::,0,6,3,3,4,0,4,2,3,4
MAYBELLINE媚比琳光療鏡漾唇釉→讓雙唇自帶聚光燈*絕對搶鏡頭-大推72巨星色 @ 愛菲兒的部落格 :: 痞客邦 ::,2,21,4,16,7,2,14,4,9,5
伊恩＠分享文 「莫蒂膚®Motives礦物美人親膚粉底液」「礦物彩妝，英國王子妃 Kate Ｍiddleton都愛用」「質彩妝敏感肌適用，油光掰掰不再脫妝，夏日完美妝容，脫妝的復仇，詐欺系底妝」 @ 伊恩的痞客邦 :: 痞客邦 ::,0,30,10,18,20,0,18,5,12,9
【美妝小日子】SOLONE 2018春妝眼影 異想追逐魅惑05/11/77/52  ▸ 春天就靠SOLONE引領潮流 @ MollyMushroom 茉莉蘑菇 :: 痞客邦 ::,10,24,3,7,6,5,20,2,4,6
【傳奇今生】~紅櫻桃唇膏~食品級唇膏安全又安心的健康脣膏 @ RainRain媽咪與蕎雙寶~~~~~~ :: 痞客邦 ::,2,15,11,10,8,2,6,7,4,3
2018 Dior限量春妝＋迪奧癮誘粉漾潤唇膏全新6色 試色報告！ @ 米雪兒 Fashion Beauty Diary  :: 痞客邦 ::,10,42,18,28,20,6,28,9,15,16
【Livia*美妝】唇膏控開箱♥一次12色唇膏唇釉試色 CLIO @ ▶Livia愛美分享◀ :: 痞客邦 ::,4,60,27,7,15,1,28,15,5,6
我心目中最喜歡的6款經典臉部防曬隔離霜心得總整理、全價目 @  Goris' Sky‧時尚美妝消費學 :: 痞客邦 ::,0,43,44,23,19,0,10,17,7,13
【❤彩妝】重大場合的妝容交給誰? - M‧A‧C 專業彩妝服務 @ PHAT G ♥恬寶♥ 私密日記 :: 痞客邦 ::,1,13,9,18,14,1,12,7,12,9
借拍│日雜大賞冠軍！滋潤度棒棒的 SUQQU 晶采艷澤唇膏 モイスチャーリッチリップスティック MOISTURE RICH LIPSTICK @ Shockisgood=夏克絲古德 :: 痞客邦 ::,8,31,24,4,34,4,10,9,1,14
( 妝品心得 ) 六支眉筆的 碎碎念心得報告 Integrate/Innisfree/MFC/Media @ Wei！威蒿小宇宙有什麼 :: 痞客邦 ::,0,20,21,3,3,0,12,17,3,1
韓國熱門單色眼影試色比較--Aritaum Mono Eyes / Etude House / Missha @ MAKEUP LAND :: 痞客邦 ::,0,15,23,40,28,0,8,12,14,11
【保養】L'oreal 巴黎萊雅 玻尿酸抗皺微導彈潤精華～讓乾性肌膚變水信玄餅😂😂！！ @ 米米有個激動老靈魂 :: 痞客邦 ::,0,29,11,12,1,0,21,9,11,1
2016唇妝分享⭕️canmake唇彩水蠟筆03/05/06 @ 真心分享 :: 痞客邦 ::,1,13,3,8,3,1,9,3,5,2
3/18開搶！鏡面外殼不會黏！NARS全新限量自戀愛羨6色腮紅盤(全試色) @  Goris' Sky‧時尚美妝消費學 :: 痞客邦 ::,0,2,7,24,14,0,1,2,2,14
。派實驗。花不到300元重回70年代直髮女孩ＳＴＹＬＥ！！ @ candy junkie honey life blog :: 痞客邦 ::,6,3,1,0,0,4,4,1,0,0
◆ [邀稿] 夏天就該擁有超跳的髮色 ♡ 卡樂芙優質染髮霜 (超顯色亞麻綠/黑髮也適用哦) 文末抽正貨-已抽出 @ 凹嗚～I'm 狼晶晶 :: 痞客邦 ::,0,1,4,1,2,0,1,1,2,2
MIT好東西格蕾絲GRACE泓棨-230枕巾(2入)︱愛購物︱美食王國 @ 米茶熊@美食王國 :: 痞客邦 ::,0,1,2,0,0,0,0,1,2,0
[彩妝] 愛嘛 ★ Visee 之 晶緞光漾眼影盒＆深邃晶耀眼影盒＆絕色濃唇膏 @ 叢林女孩兒的38記趣 :: 痞客邦 ::,0,4,5,4,0,0,3,2,7,1
[寶貝]千辛萬苦才找到的矯正鞋 @ 潔西卡的筆記本 :: 痞客邦 ::,0,5,1,0,0,0,0,3,0,0
【法國必買Chanel入門無負擔包款】經典coco長夾＋菱格紋粉紅色復古零錢包開箱使用心得文(文中也有附上直播介紹喔) @ 旅遊生活美學達人～ 安琪 :: 痞客邦 ::,1,10,0,0,0,0,9,1,2,0
【第4團】穿過最好穿的平底鞋Victoria 西班牙製造手工鞋百搭、時尚、好穿、超柔軟不咬腳 @ 結婚。幸福 :: 痞客邦 ::,1,9,0,0,0,0,5,1,5,0
★ 彩妝。 MAKE UP FOR EVER WATER BLEND恆久親膚雙用水粉霜！不同工具畫出水透亮：丹尼妝(Artist Rouge脣膏+雙用水粉霜) @ Red♥ 瑞d :: 痞客邦 ::,1,8,5,0,0,0,5,3,4,0
【試色】Wet N Wild MegaLast 霧面唇膏❤平價版MAC唇膏-百元有找超便宜又顯色(上) @ 費拉★妝模作樣 :: 痞客邦 ::,0,4,0,0,0,0,2,2,0,0
【泰國曼谷按摩】Pimmalai Spa 食尚玩家莎莎推薦消脂按摩店|BTS On Nut 安努站按摩店|附價目MENU @ PEKO の Simple Life :: 痞客邦 ::,0,3,3,1,0,0,2,2,1,0
INTEGRATE輕染潤唇采筆。2018春季新色三款全試色，春意水潤光澤唇 @  小草♥Grass♥ 日々は楽しさ! :: 痞客邦 ::,0,4,12,0,0,0,4,8,0,0
[影音] 新秘/彩妝控/女生必買♥MISSHA BRUSH CLEANER刷具清潔盤。超推！ @ Here I am Athena :: 痞客邦 ::,0,1,3,0,0,0,1,3,0,0
伊恩＠分享文 「柔雅」「 Royal Spa」 甘菊洗髮精 滋潤洗髮乳 蛋白質護髮乳  平價的頂級享受  讓頭髮呼吸 頭髮守護神 @ 伊恩的痞客邦 :: 痞客邦 ::,0,3,14,0,0,0,6,5,3,0
【唇彩】Kat Von D液態霧面唇膏 這兩色是真愛啊~Lolita II& Double dare @ 古錐小姐's Love Life :: 痞客邦 ::,0,5,7,0,0,0,4,5,0,0
【日本無矽靈洗髮精洗髮推薦】不用再早起洗頭就可以有空氣感瀏海啦! 櫻花妹必買的日本美容液洗髮概念登台 @ Master Jamie's :: 痞客邦 ::,0,4,3,0,0,0,1,4,0,0
◣中國 福州◥ 超級臨時起意♥ 停留不到45小時的週末小旅行！戰利品篇 @ Migaga BEAUTY&LIFE♥ :: 痞客邦 ::,0,0,0,0,0,0,0,0,0,0
『刷具』BeautyMaker-美肌修修專業遮瑕刷 無痕完美底妝 @ 　﹄小蠻の生活日記﹃ :: 痞客邦 ::,0,0,7,0,0,0,0,4,3,0
紅色毒藥 - Hypnotic Poison @ 香水師 葉若維 :: 痞客邦 ::,0,2,1,2,3,0,1,1,2,3
[眼妝] 還在擔心泡泡眼？善用大地色搭配 特殊色眼妝不會泡（ Missha莎莉眼影盤） @ Han's World :: 痞客邦 ::,0,4,2,0,0,0,0,5,0,0
*底妝*便宜好用的pure heart米蠶絲氣墊粉餅超合一氣墊粉凝霜(全新升級抗老加強版) @ Coziness Cozzie~萱鬧的遊樂園 :: 痞客邦 ::,0,4,3,0,0,0,2,4,1,0
。不藏私~超好用捲髮噴霧長時間定型不黏膩!!!。 @ 不。犀利人妻 :: 痞客邦 ::,0,2,0,2,0,0,0,6,0,0
駐顏粉底 偽素顏 讓臉0瑕疵~彷彿回到Baby肌~ @ 亞欣/囍朵 :: 痞客邦 ::,0,0,0,0,0,0,1,1,3,0
::修容::Kevyn Aucoin修容餅-medium(KA修容) 鼻影不能沒有妳!! @ Jujuxii's Blog :: 痞客邦 ::,0,2,4,0,0,0,3,2,0,0
一次搞懂6款laura mercier喚顏凝露適合的膚質+限量粉色柔光蜜粉(全試色全價目) @  Goris' Sky‧時尚美妝消費學 :: 痞客邦 ::,2,11,8,0,0,0,6,8,1,0
Panasonic EH-NA98奈米水離子吹風機 @ 樸實無華的吉兒小姐 :: 痞客邦 ::,1,7,1,0,0,0,6,3,0,0
【Atelier Cologne】Camelia Intrepide (勇者無懼的茶花葉/山茶花戀曲) @ Chris香水評論報台 :: 痞客邦 ::,5,0,8,3,0,0,7,4,1,0
【粉餅推薦】保濕、遮瑕一次到位♥M.A.C 無重力飛碟粉餅♥打造亮澤無瑕肌 @ 貝蒂小姐's Blog :: 痞客邦 ::,0,8,0,0,1,0,2,5,2,0
【體驗】給我自然美肌 CHANEL 時尚裸光水慕絲粉底 @ Nene's SHARE and LIFE。   :: 痞客邦 ::,0,6,4,0,0,0,3,7,1,0
【唇】夏日活力輕橘唇 ♥ Maybelline 好氣色CC輕唇膏 #C01 活力珊瑚 @ Quenna.C 微生活日誌 :: 痞客邦 ::,0,3,0,0,0,0,1,2,0,0
[底妝]INTEGRATE透潤柔光粉底凍，前所未有底妝新體驗！水感果凍粉底13小時實測分享 @ 小語's食妝遊記 :: 痞客邦 ::,0,1,5,2,0,0,3,2,1,0
借拍│日雜大賞冠軍！滋潤度棒棒的 SUQQU 晶采艷澤唇膏 モイスチャーリッチリップスティック MOISTURE RICH LIPSTICK @ Shockisgood=夏克絲古德 :: 痞客邦 ::,0,5,3,0,0,0,3,2,0,0
▋吹風機之王。Panasonic EH-NA98奈米水離子吹風機。最棒的護髮工具！▋ @ Benshee。花猴。購物狂 :: 痞客邦 ::,1,3,2,0,0,0,1,6,0,0
【美髮】糾結頭髮立刻變柔順。染後護色♥HUKUMI 跳舞香水無矽靈洗髮精 @ B2B崔咪TRAMY :: 痞客邦 ::,0,4,0,0,0,0,0,2,1,0
2015日本必買髮品：90%以上天然植物成份的沙龍級髮品「BOTANIST」美國、法國、日本，3國的樂天市場都銷售冠軍！ @ Labelless Vera :: 痞客邦 ::,0,7,12,0,0,0,2,10,4,0
【洗髮推薦】J.R. Liggett's 洗髮皂｜洗出女明星一樣的柔順秀髮 @ 冬至與胭脂 :: 痞客邦 ::,0,1,7,0,0,0,1,2,3,0
[洗髮]扁塌髮救星 全台首見「沙宣泡泡氣墊護髮」手殘也能輕鬆打造自然光澤空氣感蓬鬆頭髮::從來沒見過的質地給你空氣感護髮 @ 汎Doro的部落格 :: 痞客邦 ::,0,4,5,0,0,0,4,3,1,0
DIY染髮+染白髮前一定要知道→(文末禮)護髮護色且低調的美吾髮葵花亮澤染髮霜「5C亞麻棕」 @ 雙胞胎♥ I'm紜琪媽咪玩編髮 :: 痞客邦 ::,0,1,4,0,0,0,1,4,0,0
【傳奇今生】~紅櫻桃唇膏~食品級唇膏安全又安心的健康脣膏 @ RainRain媽咪與蕎雙寶~~~~~~ :: 痞客邦 ::,3,1,6,0,0,0,4,3,0,0
2018 Dior限量春妝＋迪奧癮誘粉漾潤唇膏全新6色 試色報告！ @ 米雪兒 Fashion Beauty Diary  :: 痞客邦 ::,0,0,0,0,0,0,11,3,0,0
仁山利舒  抗頭皮屑洗髮精(抗屑去油) @ 秋海棠 :: 痞客邦 ::,0,4,3,1,0,0,0,5,1,0
【Livia*美妝】唇膏控開箱♥一次12色唇膏唇釉試色 CLIO @ ▶Livia愛美分享◀ :: 痞客邦 ::,0,12,4,0,0,0,1,10,1,0
【染髮推薦】卡樂芙優質染髮霜/松子亞麻。護髮染DIY超簡單超顯色 ♥ @ Even's Blog ♡ 玩食尚 :: 痞客邦 ::,1,8,0,0,0,0,4,4,0,0
德國Voegele 迷迭香精油 @  虹光觀邸 :: 痞客邦 ::,2,6,0,0,0,0,3,1,0,0
"[刷具]NARS眼影刷~我最愛的三支眼部眼影刷,畫眼影不能沒有它們!! @ 琳琳Lin Lin wang部落格 :: 痞客邦 ::",0,2,4,0,0,0,1,4,1,0
▋美到逆天！伴隨我LA行的全新YSL時尚印記絲絨唇露。完整18色試色 ▋ @ Benshee。花猴。購物狂 :: 痞客邦 ::,0,6,5,1,0,0,3,5,2,0
【口紅】絕美霧面I'M MEME我愛絲緞一口唇膏，開箱試色，好用大推薦! @ 假鼻子姊姊の鼻腔發言 :: 痞客邦 ::,0,10,1,1,0,0,2,5,1,0
柔順、飽和又顯色！超越泡泡染再升級～Elastine伊絲婷天使光沙龍級染髮劑 @ 米雪兒 Fashion Beauty Diary  :: 痞客邦 ::,0,3,4,3,0,0,0,6,2,0
[Make Up] I'M MEME 我愛絲緞一口唇膏 十色試色心得 @ Hey! I'm Ivy :: 痞客邦 ::,1,5,0,2,0,0,4,3,0,0
[開架式粉底液]長效保濕型粉底-Maybelline媚比琳夢幻奇蹟無瑕粉底液 @ 蜜思雪輪愛化妝   :: 痞客邦 ::,0,2,5,0,0,0,1,3,2,0
PONY EFFECT水透光妝前防護乳，PONY EFFECT氣墊粉餅，PONY EFFECT絲絨口紅 @ Lillian.M 莉莉安 :: 痞客邦 ::,0,5,3,0,0,0,3,4,0,0
【大評比】不知道哪種香水適合自己?大平台!14款女性香水推薦/評價 @ 藍妃愛浪費 :: 痞客邦 ::,95,30,44,10,0,32,31,20,36,5
【台中】包包不是2980元！是298元啊！好殺的日曜天地NG名牌包特賣會 @ ~ 奈奈子的玩樂記 ~ :: 痞客邦 ::,28,14,7,2,0,33,30,4,10,3
【分享】小蕎的彩妝秀.安全天然的Twinkle Twinkle 兒童專業夢幻彩妝 @ 我是葉淇淇 :: 痞客邦 ::,4,1,5,2,0,7,6,5,3,0
【醫美】黃郁琳皮膚科診所真·皮秒雷射PICOCARE|新娘婚前保養很有感 @ Fish老妞♥旅行記食 :: 痞客邦 ::,6,10,10,5,0,3,6,11,9,4
神奇護髮-OLAPLEX 歐拉-不分享對不起自己! @ 天天的幻想筆記本 :: 痞客邦 ::,6,12,5,1,1,7,12,10,4,1
借拍｜搶不到可樂小花？試試倩碧「花漾腮紅」這5款冷門色吧！Clinque Cheek Pop クリニーク チーク ポップ 크리니크 치크 팝 @ Shockisgood=夏克絲古德 :: 痞客邦 ::,14,14,4,0,0,9,7,8,7,0
MOMO購物網【Pure Smile】華麗派對保濕面膜(美麗)好用嗎 @ 購買本季 :: 痞客邦 ::,4,3,4,1,0,4,4,0,2,0
南投東埔ღ達谷蘭溫泉渡假村 @ 🍀╭。☆田田の旅遊札記☆。╮🍀 :: 痞客邦 ::,5,1,3,2,0,2,6,6,7,2
日本「利尻」無添加白髮用染髮洗髮精 @ 日本分享讚 :: 痞客邦 ::,0,2,1,1,0,0,5,3,4,0
▋史上最可愛的唇膏！YSL情挑誘吻雙色蜜唇膏。全12色試色分享▋ @ Benshee。花猴。購物狂 :: 痞客邦 ::,2,19,14,6,1,17,24,19,11,1
脂漏性皮膚炎洗髮精：推薦/不推薦 @ 阿熊＋阿喵＋親愛的寶貝們 :: 痞客邦 ::,3,13,9,2,0,13,11,11,2,1
(配件★屬於我的第一支不鏽鋼帶腕錶♥Roven Dino羅梵迪諾 @ 不點*nopoint❤樂趣事 :: 痞客邦 ::,2,4,4,1,0,5,6,4,3,0
Missha格蘭迷炫瓷光唇釉~Pony大推 @ This Is Me :: 痞客邦 ::,5,1,3,0,0,6,2,1,1,0
【Fleur Nail & Eyelash Salon】迎接夏天的第一步：足部修護＋光療美甲！ @ Duet。科隆妮的雙人舞 :: 痞客邦 ::,4,13,9,1,0,5,15,11,8,0
[箱根強羅] 溫泉Aoi莊 (Hakone Gora Onsen Aoiso) @ Kae*王君 :: 痞客邦 ::,3,17,9,1,1,4,22,14,13,1
"【法國必買包款】Gucci GG Marmont 開箱文～一款實用度 好感度 入手難易度 搭配度 好裝度都表現得相當不錯的難得好包（巴黎代購中, 請私訊Chez Angel 粉絲團) @ 旅遊生活美學達人～ 安琪 :: 痞客邦 ::",6,10,8,1,0,17,12,11,5,1
▋ 髮品。GOLDWELL姬麗絲-金萃角蛋白洗護系列 ♪ 輕盈柔順、好舒服 ▋ @ 嵐嵐仔。幸福小家庭 :: 痞客邦 ::,4,6,1,0,0,5,8,2,2,1
[2018男性髮型] 油頭再見! 韓國男神親自示範五款全亞洲最夯的髮型範本 @ 男模時代 :: 痞客邦 ::,7,8,2,3,2,17,4,6,23,4
★寶雅全國門市一覽總表(定期更新！)★ @ POYA 寶雅 :: 痞客邦 ::,2,2,1,0,0,90,1,0,87,1
板橋/府中站 專為女性設計的按摩spa#琉璃Alice手雕美學spa＃感受v型臉＃蜜臀提拉微笑線 @ 梅格(Angelababy)享樂日記 ♥16項全能吃貨babe♥ :: 痞客邦 ::,5,12,5,2,0,7,15,11,9,0
"韓式私密處保養, 孕媽咪及美女們私密清潔保養必備 @ Dreamer-Style 美型夢想家 :: 痞客邦 ::",5,8,4,0,0,4,13,4,2,0
8款曬後蘆薈評比推薦 心得比較表格 aloe vera @ 三貓繪飯 :: 痞客邦 ::,2,7,4,0,0,13,15,15,1,0
D1-逛台場DiverCity‧買超可愛Mother garden玩具 @ gafa :: 痞客邦 ::,4,6,0,0,0,2,3,2,1,0
[包包] The Leather Satchel co.。英倫女孩必備的劍橋包 @ 小米的雪兒賴虎 :: 痞客邦 ::,3,10,1,1,0,6,6,6,9,0
【美甲全方位創業班】- 初夏沁藍美甲學員作品分享 @ 名城   美容美髮學苑 :: 痞客邦 ::,2,1,3,1,0,2,1,1,2,0
《承の1Y2M》還是交給專業的來。BABY HAIR 兒童髮藝造型設計 @ 童言+狗語=一家親！ :: 痞客邦 ::,5,7,1,0,0,2,12,6,2,0
燒翻天❤夏天依舊美美登場的氣質穿搭5套分享 (上) @ 洋洋♥用女孩的甜蜜觀點看時尚  :: 痞客邦 ::,0,7,23,2,0,14,7,28,11,0
K.Fika北歐風格咖啡館_大片落地窗讓溫暖陽光與窗外綠樹更加靠近..... @ e-nail水指甲 :: 痞客邦 ::,5,21,7,1,0,13,18,9,5,0
[時尚] 關於女人的性感 三款 Levi’s 牛仔褲穿搭分享 (#1) @ 韓妞!金老佛爺 愛玩美世界 :: 痞客邦 ::,3,14,19,1,0,15,12,13,13,0
【省錢】POONE 服飾特賣→撿便宜 @ 幸福如億家 :: 痞客邦 ::,1,4,4,0,0,1,4,4,0,0
【Repotto】超好穿經典低跟芭蕾舞鞋（亮皮咖啡金） @ 半上流社會 │ Demi-Monde :: 痞客邦 ::,0,17,3,0,0,0,8,5,2,1
遇見本命香-ACCA KAPPA白麝香 @ silence的部落格 :: 痞客邦 ::,1,19,19,1,0,3,18,26,12,4
♥Shopping♥ Snob Essentials一見傾心的實用小包(肩背、手拿還可當皮夾～CP值好高！) @ Bonjour Cala :: 痞客邦 ::,0,26,11,0,0,0,14,12,6,2
【台東溫泉】台東鹿野溫泉|露天風呂+檜木湯屋|山月溫泉館 @ 東蛙池塘。DongWa :: 痞客邦 ::,0,9,8,2,0,1,5,12,9,2
♡卷甲的困擾，雅柏來幫您改善♡ @ Albertnails♡雅柏藝術指甲♡ :: 痞客邦 ::,0,5,5,2,0,0,4,5,3,0
Anius 芳香樂府 @ Santé space ® :: 痞客邦 ::,9,17,14,3,0,3,5,8,4,0
桃園-臻美美學診所【淨膚雷射，還我水噹噹美肌】 @ 花拉花拉的小地方 :: 痞客邦 ::,0,2,18,6,0,0,1,11,13,4
KATE●無痕美顏粉底液；痘痘肌也能１５秒幻化無暇透紅肌 @ 右臉小姐A日常 :: 痞客邦 ::,2,17,12,3,0,2,10,12,6,0
被自己的唇色美哭！！MISSHA經典持色水感胭脂唇膏必敗5色大公開之～～還是最愛BR01乾燥玫瑰色 @ Eve的異想世界 :: 痞客邦 ::,0,20,23,4,1,0,10,22,8,11
"泰國SEPHORA♥MARC JACOBS NEW NUDES新裸色唇膏│156 hey,stranger豆沙色 @ Here I am Athena :: 痞客邦 ::",0,7,22,4,2,0,3,24,6,8
醫美保養品LOREAL萊雅 美絲雅完美版染髮膏50ml #6.17深金色帶灰-綠色調開箱 @ 城城的溫馨生活手札 :: 痞客邦 ::,0,1,6,2,0,0,0,3,3,3
『高雄』鼓山左營 瑞豐夜市 囍事快剪 百元平價剪髮 @ knowz的生活抒發及分享 :: 痞客邦 ::,0,1,7,1,0,0,1,6,2,1
[妝容] 變身冰雪奇緣~peripera FROZEN 限量彩妝-安娜Anna @ tsubame. 十文字燕-同人區-- :: 痞客邦 ::,0,2,15,0,0,0,1,15,3,3
2016唇妝分享⭕️canmake唇彩水蠟筆03/05/06 @ 真心分享 :: 痞客邦 ::,0,5,14,0,0,0,7,11,1,2
礁溪福岡5號溫泉會館 by 玩人泡湯趣 @ 山海玩人 :: 痞客邦 ::,0,0,8,1,0,0,0,5,6,4
新入手超氣質款~09年新款白色NaRaYa曼谷包 @ 小婷懶骨頭記事 :: 痞客邦 ::,0,0,19,3,0,0,0,12,3,2
【髮型】迎接春天，溫柔堇色 @ A rose without scent :: 痞客邦 ::,0,0,0,0,0,0,3,21,14,11
【高雄兒童剪髮】滾滾第一次外出剪髮不害怕～兒童車車專用剪髮座椅深得孩子喜愛呀＋百元超值媽媽也很愛 @ 圈圈媽的主婦雜記 :: 痞客邦 ::,0,3,11,4,0,0,2,22,9,10
花季度假飯店泡湯&下午茶 @ RORO大小姐 :: 痞客邦 ::,0,5,18,2,0,0,5,24,12,6
[住宿] 台中．惠來谷關溫泉會館 @ 我就是這樣的女生 :: 痞客邦 ::,0,6,21,0,0,0,3,20,11,8
[ 髮色 ] 2018 夏日深髮色 女孩所熱愛的曖昧髮色 讓妳擁有小小心機藍黑色 藍綠色 霧茶色 ♥ 推薦 東區 Holly hair 設計師 yaya ♥ @ Holly Hair yaya :: 痞客邦 ::,2,2,4,5,2,1,2,4,3,2
春節‧初六 -景大度假莊園泡湯 與 5021海鹽桶子雞 @ 台南美食-雞蛋貓異想世界 :: 痞客邦 ::,3,2,4,2,1,3,2,3,2,1
[時尚] 老金的愛情與自信 安視優®ACUVUE®睛漾水凝®每日拋 配戴分享 @ 韓妞!金老佛爺 愛玩美世界 :: 痞客邦 ::,2,3,4,1,3,2,3,4,1,3
【芳療spa】大推薦 新竹蓓薆美容spa按摩 @ 如如的美好生活 :: 痞客邦 ::,3,5,4,5,2,2,4,4,5,2
[醫美] 我的第一次醫美療程 小腿除毛♥千代田診所 @ Joyce's BLOG :: 痞客邦 ::,4,3,3,2,3,1,3,3,2,3
"ZA粧自然無瑕粉餅,CP值完勝的神粉餅~~~ @ * 蜜拉的不囉嗦愛分享Diary * :: 痞客邦 ::",4,4,4,3,3,2,2,3,2,3
[彩妝]日本超效率彩妝♥JOURMOE 3 in ONE眼彩筆 @ *Ginny Daily居妮日常▫☺*♪ :: 痞客邦 ::,5,2,3,5,2,2,2,3,5,2
新竹竹北-山夏美髮團隊~換新造型準備美美過好年 @ gafa :: 痞客邦 ::,3,3,4,2,3,2,3,3,2,3
[美妝保養] MKUP美咖 賴床美白素顏霜-零技巧彩妝，懶女人也漂亮 @ 飄飄的博士生圖文 ▫ 日記 :: 痞客邦 ::,2,1,3,3,2,2,1,3,3,2
「廚房新法寶」聲寶微電腦壓力鍋。第一次用就上手之紅豆紫米薏仁粥 @ 黃小咪的南非香草 'n 烘培筆記 :: 痞客邦 ::,2,1,2,1,3,2,1,2,1,3
【保養】歐萊德♥隨時隨地補充頭髮養份的超好用玫瑰油 @ Hi ✿ I'm ViVi  :: 痞客邦 ::,4,5,3,3,2,2,5,3,3,2
臺鹽通霄精鹽廠觀光工廠 ︳苗栗免費戲水景點，噴水池、溫泉、吃冰棒消暑一下 @ 來飽寶家ba :: 痞客邦 ::,4,2,3,3,2,2,2,3,3,2
【Zoila媽媽包－輕量卻不小容量的GoGoBag(恬靜紫)】 @ 我的古代　我好想妳～╭(′▽`)╭(′▽`)╯ :: 痞客邦 ::,1,5,6,3,4,1,3,5,3,4
《DXY丁小羽開箱篇》卡樂芙染髮霜~甜美杏桃棕，染髮後柔順自然，超顯色染髮劑超推薦 @ 丁小羽 :: 痞客邦 ::,3,2,2,2,2,2,2,2,2,2
*SPA館*桃園*The SPA 足體健康芳療會館*好美好高級服務很好的SPA館* @ 哈波尼斯everyday :: 痞客邦 ::,3,6,6,2,2,2,5,3,2,2
【新莊優質美髮造型推薦】歐紋造型工作室.用心的一對一專屬美麗製造機 @ 香香公主趴趴GO :: 痞客邦 ::,2,6,4,4,3,2,3,4,3,2
"[DIY染髮推薦] 卡樂芙優質染髮霜,,,,擁有自然冰沙栗棕髮自己來:)(送大禮物) @ 老虎狗♪♡ⓣⓘⓖⓔⓡⓓⓞⓖ♡♪ :: 痞客邦 ::",4,6,3,4,3,2,4,3,4,3
台灣終於可以刻字了！JO MALONE精緻雕刻服務(規則及全國櫃點現場刻字時間) @  Goris' Sky‧時尚美妝消費學 :: 痞客邦 ::,4,1,3,4,0,2,0,2,4,0
繽紛彩虹系vs可愛球球系！今夏超吸睛的綁帶涼鞋都在這！ @ Kevin老師的部落格 :: 痞客邦 ::,7,0,12,5,0,4,0,8,5,0
【Diptyque】Oud Palao (沉香) @ Chris香水評論報台 :: 痞客邦 ::,5,1,8,10,0,4,0,8,5,0
2017-01-22 宜蘭礁溪川湯春天溫泉飯店～住宿券一泊二食好划算！ @ sultt。旅行的意義 :: 痞客邦 ::,5,2,10,5,0,4,1,7,4,1
"【分享】新北安坑 帕蘿概念美學醫髮館~是變美也是放鬆的好地方 @ 從""心""出發 :: 痞客邦 ::",6,2,3,1,3,2,2,2,2,1
【日本京都】岡本和服租借 體驗穿和服遊清水寺 @ 瑞秋X妮娜。Lovely Day :: 痞客邦 ::,3,4,10,9,1,2,3,7,9,1
[美妝] 韓國必買美妝 TONY MOLY Perfect Lips Flat Bar #4試色分享♥平價好用唇線筆 @ ::I'm Sue:: 蘇安妮 :: 痞客邦 ::,5,2,11,2,0,4,2,10,2,0
台北中山│水磁力深層補水告別乾燥臉部保養│貴膚人美妍健康概念美容SPA│雙連捷運站 @ I'm Cynthia!小熹兒 :: 痞客邦 ::,0,0,0,0,0,4,0,6,5,0
【高雄_左營】沐果香氛SPA工作室_客製化服務不推銷_回歸單純釋放身體壓力的精油按摩 @ 不笑貓の微笑旅行 :: 痞客邦 ::,5,2,9,6,0,5,1,8,4,0
★南投東埔。帝綸溫泉度假大飯店@農曆新年小旅行 @ Judy的吃喝玩樂小日記。。。。 :: 痞客邦 ::,5,0,8,6,0,3,0,6,7,0
高雄燙髮~人生中第一個捲髮:) @ 貳樓美髮沙龍 :: 痞客邦 ::,3,0,6,1,0,2,0,3,2,0
▌日本九州 ▌【住宿】來去溫泉小鎮住一晚  ♥  由布院別邸 樹《 bettei-itsuki 》 ♥ @  艾薇 ❤ 廚房是我的遊樂園     :: 痞客邦 ::,7,0,11,4,0,6,0,9,5,1
【台南髮廊】燙髮染髮價錢整個佛心來的☆剪髮技術也很多人講上PTT搜尋得到~台南中西區hair salon~我只推薦這家 @ 東區髮廊│髮型設計師│推薦台南染燙髮│護髮│剪髮│中西區美髮介紹│HAIR SALON│ :: 痞客邦 ::,7,2,9,11,0,5,3,7,8,1
[分享] Maybelline媚比琳 超持久霧感液態唇膏Super Stay Matte Ink @  :: elusive | 鏡花水月 :: :: 痞客邦 ::,5,0,9,4,0,2,0,4,3,0
【美妝】Pony Effect神秘黑瓶粉底液12小時實測分享─大推持久遮瑕約會完勝粉底 @ 榕榕 Silvia♥ :: 痞客邦 ::,4,2,10,1,0,2,2,6,5,0
【使用文】【美妝】【MKUP美咖】賴床美白素顏霜 @ 屬於MiRu的異想世界 :: 痞客邦 ::,6,0,5,2,0,3,1,5,2,0
"[保養]✿ 我和新莊""美麗有約""，精油SPA體驗日 @ Hey, I'm Stephy  :: 痞客邦 ::",2,3,5,7,0,2,2,3,4,0
HERMES 愛馬仕的夏日風情~羊皮編織楔型鞋 @ 墅上的聲音 :: 痞客邦 ::,5,0,3,1,1,3,0,3,1,1
美髮與花藝的體驗 @ 小B 旅遊部落格 :: 痞客邦 ::,3,1,6,2,0,2,2,5,3,0
美妝│香港戰利品 KIKO Milano眼影睫毛膏、CLINIQUE倩碧小花腮紅 @ Bon Voyage :: 痞客邦 ::,6,0,4,5,0,3,0,3,3,0
narciso rodriguez for her 經典麝香 @ 講不聽雜碎盤™ :: 痞客邦 ::,5,0,14,5,0,2,0,4,4,0
和無眉星人說再見---婕洛妮絲三合一立體眉型筆 @ Julia X fabulous life :: 痞客邦 ::,6,0,5,3,0,2,0,4,3,0
△離子護△自然捲與嚴重受損髮的救星，一秒變柔順有光澤的直髮@捷運中山站KPLUS髮廊 @ ✲~微娜~✲ :: 痞客邦 ::,8,0,9,5,0,5,0,9,7,0
【宜蘭親子飯店推薦】捷絲旅宜蘭礁溪館~泡湯、戲水、兒童遊戲室~春光漫步花叢間，親子共同佈置客房，創造感動回憶~宜蘭住宿推薦 Just Sleep @ 西西和Q米爸の親子旅遊美食-Sisy's碎碎念 :: 痞客邦 ::,13,0,9,7,0,9,0,6,6,0
❤小Q媽咪｜美髮hair｜Innovate頭皮養護專門店｜美麗，應該從頭皮開始！ @ 小Q媽咪 ☆ FiFi人生的部落格 :: 痞客邦 ::,7,1,9,6,0,6,1,9,7,0
植村秀鑽石光粉底液/夠亮，夠遮瑕，夠持久的光澤拍照粉底 @  Goris' Sky‧時尚美妝消費學 :: 痞客邦 ::,0,10,9,0,1,2,6,7,1,0
【彩妝】日系彩妝SUGAO來台啦！5款SUGAO彩妝分享♥️♥️是必買還是踩雷呢？ @ Katy's Blog :: 痞客邦 ::,0,6,17,0,1,2,6,7,3,2
【美妝好物】回頭率100%/大創必囤我的美妝心頭好 推薦㊣㊣㊣ @ This is Josie✩啾西 :: 痞客邦 ::,0,3,6,2,0,0,2,0,1,0
比聖經還強？韓國小直徑隱形眼鏡分享 台灣也買得到！ @ 我是霓霓 霓霓是我 :: 痞客邦 ::,1,6,13,2,0,0,8,5,2,0
[彩妝]戀愛魔鏡超現實激長睫毛膏，全天候不暈染下垂的自然系纖長美睫 @ 小語's食妝遊記 :: 痞客邦 ::,1,5,12,2,0,0,9,4,0,0
[生活][日本] Panasonic EH-NA99｜傳說中的奈米水離子吹風機開箱｜不只護髮還護膚？！｜日本家電開箱推薦 @ 波和梨珈琲館－東京本店 :: 痞客邦 ::,0,5,12,0,0,1,14,8,1,1
韓國品牌LUNA~比氣墊粉餅更讚的爆水粉底~每個人都可以打出肌膚裡透出來的韓系透亮光澤肌~ @ 新娘秘書 Virna － 遇見．幸福的容顏-台北 新秘、台中 新秘、婚禮記錄 推薦、彩妝教學 :: 痞客邦 ::,1,1,14,0,1,0,11,7,1,3
【體驗。美髮】自然遮蓋頭皮不悶不癢不染色---DomoFiber炫豐髮粉---沃生國際 @ 嚕啦喵-羊貓黑白猜ㄘㄟˋ :: 痞客邦 ::,0,0,0,0,0,0,0,0,0,0
【底妝】夏日炎炎，輕薄透底妝推薦~1028 超控油透亮飾底乳EX版 @ Ivy愛寶v :: 痞客邦 ::,0,4,6,0,0,0,3,0,0,0
10款YSL唇彩台灣年度最受歡迎色號全試色！完整分析全新情挑誘吻蜜唇露12色 @  Goris' Sky‧時尚美妝消費學 :: 痞客邦 ::,10,19,9,0,0,5,10,9,0,0
【MFK】Maison Francis Kurkdjian：754(紐約之曦) @ Chris香水評論報台 :: 痞客邦 ::,2,6,10,0,0,4,9,5,0,0
《試用體驗》ELASTINE伊絲婷無矽靈香水洗髮精，讓妳變回頭率女神 @ 假鼻子姊姊の鼻腔發言 :: 痞客邦 ::,2,4,2,0,0,1,6,2,0,0
Giorgio Armani 輕透亮粉底 VS 無暇絲光防曬粉底 比一比 @ Miss Bobo 波波小姐的大大世界 :: 痞客邦 ::,5,21,21,3,0,9,23,10,1,0
櫻花粉X奢華金！肌膚之鑰2018下半年最大重點》櫻花護唇膏+氣墊粉餅（價目 @  Goris' Sky‧時尚美妝消費學 :: 痞客邦 ::,1,1,3,0,0,0,5,3,1,1
韓妝派2大關注款新貨：Etude House『波爾多紅酒派對微醺眼彩盤』、innisfree『My Palette 我的眼影』。에뛰드하우스에  플레이 컬러 아이즈 와인파티 Play Color Eyes Wine Party、이니스프리 마이 팔레트 My Eyeshdow @ Shockisgood=夏克絲古德 :: 痞客邦 ::,4,9,12,0,0,1,10,4,0,0
【好物分享】 洛黛詩香水護髮精油(免洗) ♥ 一起來當香香美人 @ ╠╬愛吃╬愛玩╬愛旅遊╬❤妃妃❤╬╣ :: 痞客邦 ::,0,2,6,1,0,0,0,0,0,1
不會黏又渲染得好美啊！YSL 時尚印記絲絨唇露18色全試色超完整無色偏分析 @  Goris' Sky‧時尚美妝消費學 :: 痞客邦 ::,1,7,4,1,0,0,3,3,0,0
【美妝小日子】SOLONE 2018春妝眼影 異想追逐魅惑05/11/77/52  ▸ 春天就靠SOLONE引領潮流 @ MollyMushroom 茉莉蘑菇 :: 痞客邦 ::,1,7,10,0,0,0,3,0,0,0
【媽媽去哪兒】還我個清爽頭皮 ❤OWay 頭皮Spa@M:激賞髮型 ❤ @ I'm 布布媽咪 :: 痞客邦 ::,0,5,5,0,0,0,0,3,1,1
//美妝// Mione大眼術下集_相見恨晚!!!軟塌睫毛的救星!!!❤LE-866A插電式燙睫毛器(非王盈喬牌) @ Mione Li :: 偶然 間彩妝工作室 :: 痞客邦 ::,3,9,7,0,0,0,4,2,0,2
韓國熱門單色眼影試色比較--Aritaum Mono Eyes / Etude House / Missha @ MAKEUP LAND :: 痞客邦 ::,0,12,19,2,0,0,16,3,6,1
【保養】L'oreal 巴黎萊雅 玻尿酸抗皺微導彈潤精華～讓乾性肌膚變水信玄餅😂😂！！ @ 米米有個激動老靈魂 :: 痞客邦 ::,1,13,16,2,0,7,6,4,3,1
[妝容] 變身冰雪奇緣~peripera FROZEN 限量彩妝-安娜Anna @ tsubame. 十文字燕-同人區-- :: 痞客邦 ::,2,3,6,1,0,3,4,3,2,0
2016唇妝分享⭕️canmake唇彩水蠟筆03/05/06 @ 真心分享 :: 痞客邦 ::,0,5,9,0,0,2,2,1,0,0
(敗家) 終於找到香水中的Mr. Right ---- JO MALONE ♥♥♥ @ ★小吳小姐的分享天地★ :: 痞客邦 ::,5,27,19,12,0,3,23,9,2,0
[香氛]CP值高到不行之韓國W.DRESSROOM衣物噴霧 @ ::走吧 떠나요 혼자서 :: 痞客邦 ::,8,11,7,3,3,6,20,7,1,0
3/18開搶！鏡面外殼不會黏！NARS全新限量自戀愛羨6色腮紅盤(全試色) @  Goris' Sky‧時尚美妝消費學 :: 痞客邦 ::,2,8,5,0,0,0,3,2,0,0
美髮│歌薇GOLDWELL 姬麗絲金萃系列～我也要頭髮光圈！ @ kutty。I'm 咕蒂 :: 痞客邦 ::,3,4,8,5,3,4,4,5,4,6
【購物】ZALORA＆REVOLVE血拼心得 @ 酷奇小姐のリラックス時間♨ :: 痞客邦 ::,4,12,8,2,0,9,14,9,5,1
《美髮》台北。捷運中山站【Pro Cutti 髮藝沙龍】火紅～登上日本雜誌推薦！渡邊直美也來體驗！專業燙染剪髮最佳選擇❤ @ ★小乖媽的小分享★ :: 痞客邦 ::,1,7,3,4,0,1,6,5,6,2
意美朵&VW兩大知名新娘秘書網站不都是找新秘的？有差嗎？ @ :::朵莉情報小舖:::∣新娘秘書情報特搜∣∣彩妝造型分享∣ :: 痞客邦 ::,2,3,3,1,0,5,6,7,1,1
平價又好用的刷具-受受狼 專業化妝刷 @ DCRL  :: 痞客邦 ::,3,12,10,8,0,4,10,14,19,5
『美髮』＊雲林斗六燙髮染髮＊『ＴＩＮＧ』＊質感沙龍＊深藏斗六後火車站旁＊ＣＰ值破表＊斗六燙髮＊斗六染髮＊ @ vivianetw0918的部落格 :: 痞客邦 ::,2,5,13,3,1,9,14,10,11,13
2016好用韓國必買保養、彩粧介紹 @ Gloria 葛媽的部落格 :: 痞客邦 ::,2,7,7,6,4,8,4,5,8,3
使用心得｜SOFINA輕妝綺肌長效粉底液 升級版-明亮色OC03 @ TjyTsai :: 痞客邦 ::,10,10,6,1,2,9,7,10,1,3
美甲❥【捷運雙連站】NPS Art Nail 光療凝膠概念美甲│絕美貓眼大理石凝膠美甲│藝術美甲沙龍 @ I'm Cynthia!小熹兒 :: 痞客邦 ::,7,12,12,7,0,5,7,5,15,10
泰國曼谷 回訪率一百 Vanilla relaxation & wellness complex 平價日系精緻按摩店 (BTS Phrom Phong) (2016更新) @ 懶人食遊 Lazy Travelers :: 痞客邦 ::,3,13,7,1,1,2,5,6,5,6
【底妝】 素顏霜實測心得：Miss Hana花娜小姐妝素顏透亮賴床霜～一瓶在手就能擁有的好氣色，果然名不虛傳 @ Ivy愛寶v :: 痞客邦 ::,1,5,5,2,0,2,4,12,6,2
【喜喜】推薦新秘—我一萬分感謝的 新秘小朵 @ ♥ Chuan & Hsuan 的生活紀事 ♥ :: 痞客邦 ::,4,2,6,2,5,8,8,11,5,6
<醫美>*~法式LPG臉部緊緻 讓我擺脫水腫臉~* @ 婕小妞的*~愛吃愛玩a遊樂園~* :: 痞客邦 ::,3,2,3,2,4,2,7,11,8,19
[活動] 醫美No.1理膚寶水全護臉部清爽防曬BB霜上市發表 @ Aileen開心過生活~ :: 痞客邦 ::,4,7,4,1,0,3,8,3,1,2
::美容::肌膚乾淨明亮的小秘密-司鉑診所 淨膚雷射 @ Jujuxii's Blog :: 痞客邦 ::,2,3,5,1,1,7,15,12,11,17
[化化妝] 旅行用化妝箱挖寶▪What's in my Travel Makeup Bag? @ 半生不熟蘋果誌 @pixnet :: 痞客邦 ::,11,14,10,1,0,11,12,6,13,8
【精品開箱】Delvaux~比利時的驕傲~歷史最悠久的奢侈皮具品牌 @ 蝴蝶飛啊飛 :: 痞客邦 ::,3,18,8,8,3,3,13,14,22,24
【微敗家】Panasonic 奈米負離子美顏蒸臉機讓你在家裡也可以做貴婦SPA ^^ (付蒸臉按摩手法） @ 旅遊生活美學達人～ 安琪 :: 痞客邦 ::,3,13,8,12,2,5,5,16,18,25
【有機精油按摩】The SPA 足體健康芳療會館／桃園市中悅一品 超高級的服務與設備．頂級的SPA享受！ @ iamlittle33's Blog :: 痞客邦 ::,12,21,22,14,6,23,50,49,60,60
髮絲。清潔│CLEAR 淨 0矽靈淨透清涼洗髮乳&髮膜精華 頭皮舒緩又清涼 好舒服~ ❤跟著Livia享受人生❤ @ 跟著Livia享受人生❤Follow Livia to enjoy life. :: 痞客邦 ::,1,1,4,0,0,0,3,1,1,0
【宜蘭礁溪住宿推薦】山月22溫泉別墅館，讓你在慢活中發現新生活。 @ 環遊世界的小羊兒-美食旅遊生活 :: 痞客邦 ::,9,3,3,0,0,1,9,4,0,0
【彩妝】 essence艾森絲 約會戀愛感粉紅妝教學 粉嫩少女VS桃花電眼 德國平價彩妝 @ 跟著艾波拍到天涯海角 :: 痞客邦 ::,2,13,10,0,0,1,7,10,0,0
(合作+私心大推) 空瓶大賞---史上最好用的韓國 呂 洗髮精 @ drlaw&catty :: 痞客邦 ::,0,11,2,0,0,0,7,5,0,0
【保養達人專區】醫美保養品v.s專櫃保養品 哪一個好用啊?? @ 星采星和醫美 :: 痞客邦 ::,1,4,4,1,0,2,4,1,0,0
【台南美睫教學】【小班制、一對一】綝綝｜專業師資、完整接睫課程，想創業、考證照的好選擇！ @ 艾薇。到處走 :: 痞客邦 ::,3,5,0,0,0,0,3,4,0,0
Real Techniques英國平價刷具 ║簡易八樣產品心得評比／優惠資訊／慾望清單～ @ ⊙鴨鴨彩妝實驗室⊙ :: 痞客邦 ::,11,5,6,0,0,0,13,0,0,0
[挑選] brunii切爾西晴雨兩用真皮防水靴 @ citrusfruit的部落格 :: 痞客邦 ::,0,2,0,0,0,0,4,0,0,0
★『接髮價錢』『接髮多少錢?』『PS25國際髮型ADA』★ @ ADA DESIGNER :: 痞客邦 ::,0,4,1,0,0,1,4,2,0,0
M-Palace樂晴店Beta-東區髮型設計師 :: 痞客邦 ::,2,2,0,0,0,0,0,0,0,0
(美包文)HLW轉印包~~在也不用花大錢就可以享受名牌包 @ Make up beautyの仙仙愛漂亮sen sen ‘s life :: 痞客邦 ::,2,4,0,0,0,0,0,3,0,0
＊宜蘭＊礁溪麒麟大飯店。湯屋、spa泳池一年四季都可以盡情玩水 @ 洋娃娃的夢幻城堡♡MAKE UP BEAUTY  :: 痞客邦 ::,13,25,9,19,10,11,28,13,13,3
不用再去燙頭髮的神器Panasonic EH-KN89-PN香檳金 @ 長頸鹿與吉娃娃 :: 痞客邦 ::,0,0,4,1,0,1,2,3,1,1
│分享│日本DHC限量款迪士尼公主潤色護唇膏╳少女心爆炸 @ X06。薛零六 / 美妝部落格 :: 痞客邦 ::,0,3,2,1,0,1,2,2,0,1
【 試美妝 】INTEGRATE 三度漸層光綻眼影盒 @ Whimsical Life ! :: 痞客邦 ::,0,0,2,2,0,0,1,2,1,2
【美妝】ADDICTION 肌嫩粉顏頰彩蜜 CHEEK POLISH💖review @ Maggie Ｍaggie 。Beauty Diary :: 痞客邦 ::,0,0,2,1,1,0,0,2,0,2
♫Beauty-bbia/bbi@ 霧面眼影(五榖/母胎)全試色照 @ Fly in Freedom♥ :: 痞客邦 ::,0,1,7,1,1,0,1,3,1,1
【美妝】打造韓星般的透亮發光肌。雪花秀-完美絲絨氣墊粉霜 @ ♫ ░ 蘋果 Apple 林檎 りんご ringo(!?)░♫ :: 痞客邦 ::,0,4,3,2,2,0,2,3,2,1
